georgia us;"Georgia is a state in the southeastern part of the United States. It is bordered by
Florida to the south, Alabama to the west, Tennessee and North Carolina to the ... Energetic and lively cities, a relaxing coastline and breathtaking mountain scenery
offer rich and unique experiences that can only be found in Georgia. Within ... ";"From its vast stands of pine come more than half of the world's resins and
turpentine and 74.4 percent of the U.S. supply. Georgia is a leader in the production of ... Georgia [1] is a US state in the South. The state was named for Great Britain's
King George II. Founded in 1733, it was the last of the 13 original colonies that ... 14 May 2018 ... Georgia, constituent state of the United States of America.
Ranking fourth among the U.S. states east of the Mississippi River in terms of total ... The largest of the U.S. states east of the Mississippi River and the youngest of the
13 former English colonies, Georgia was founded in 1732, at which time its ... Current local time in USA – Georgia – Atlanta. Get Atlanta's weather and area
codes, time zone and DST. Explore Atlanta's sunrise and sunset, moonrise and ... Georgia ranks 14th among U.S. states for its economy and 13th for fiscal stability.
It ranks highly for GDP growth, job growth and entrepreneurship. Explore Georgia holidays and discover the best time and places to visit. ... one
side it's a bastion of African-American enlightenment, a hip-hop hotbed, a film and ... Located in the heart of the South, Georgia has become a major destination for
those looking to take in the very best of Southern life. Travel to Georgia, which ... Welcome to GRITS. Please enter your Organization Code, User Name and
Password, and then click the Login button to continue. If you need assistance, click ... Local news and multimedia about Georgia. Breaking news and multimedia about
its people, politics and economy from The New York Times. The official website of the state of Georgia. ... Graves at Georgia Veterans
Memorial Cemetery in Glenville are adorned with U.S. flags for Memorial Day. 29 Mar 2018 ... English. Legal Resources · U.S. Visa Law & Policy ...
Travel.State.Gov > Legal Resources > Judicial Assistance Country Information > Georgia. GA EPD Rules for Air Curtain Destructor Burning (ACD) ... conducting an area
burn, please contact your local county office of the Georgia Forestry Commission. 3 days ago ... Welcome to the U.S. Attorney's Office for the Southern District of
Georgia, which encompasses 43 counties located in the southeastern region of ... Get great deals on hotels in Georgia, us. Book online, pay at the hotel. Read hotel
reviews and choose the best hotel deal for your stay. Frequently requested statistics for: Georgia. ... Black or African American alone,
percent(a).. 32.0%. American Indian and Alaska Native alone, percent(a). Columbus, GA- Twenty nine students from St. Mary's Elementary Magnet were
treated to an Atlanta Braves game on Sunday, May 20, 2018. ... points on the Georgia Milestones Assessment were eligible to participate. ... Leave Us Feedback! 29 Jan 2018 ... Georgia is an important U.S. ally located in a geo-strategically
important region. It is in America's interest to deepen bilateral relations with ... Licensees wishing to obtain blue wall licenses and pocket cards may order them
via our license renewal website at https://secure.sos.state.ga.us/mylicense. The Miss Georgia USA and Miss Georgia Teen USA pageants are produced by
Greenwood Productions Inc. under license by IMG Universe, LLC dba-The Miss ... Suwanee, GA 30024-2978. Envisioning A System of. World-Class Schools
Gwinnett ... please contact us. Copyright © 2018 Gwinnett County Public Schools. The United States District Court for the Northern District of Georgia has approved
revisions to Local Rule ... U.S. District Court Judge William S. Duffey, Jr. More ». Travel forums for Georgia. Discuss Georgia travel with TripAdvisor travelers. The North American Securities Administrators Association (NASAA), . ... ATLANTA
– Georgia Secretary of State Brian Kemp confirmed a thorough and ... DigiCert Seal. EV SSL. E-mail: grecmail@grec.state.ga.us. (c) Copyright 2018
Georgia Real Estate Commission and Appraisers Board. All rights reserved. Georgia. ... Conceived in 1921, built by private citizens, and completed in 1937,
today the trail is managed by the National Park Service, US Forest Service, ... The 5th largest school distict in Georgia committed to serving over 50000 diverse
students just south of metro Atlanta. Immigrant visas to the United States are processed for citizens and residents of
Georgia at the U.S. Embassy in Tbilisi. To apply for an immigrant visa, a foreign ... About Us. CCS Logo Welcome to Camden County Schools. Located on the
southernmost coast of Georgia, Camden County Schools is on a mission to motivate, ... Georgia economic development resources for international businesses, small
businesses, and growing companies. Find tax incentives, workforce profiles, and ... Milton, Georgia Menu. Bids Careers Calendar Maps News A-Z Index · Government
Residents Business Parks & Rec Forms & Permits Contact I Want To . Chartered in 1785, the University of Georgia is one of the top public research
universities in the USA. We are leaders and world-class researchers; our ideas ... MyGaDOE Online Guide · GaDOE Public Website · Information Systems · AYP &
NCLB · Georgia Standards · Data Collections · Financial Reports · Report Card ... U.S. National Debt. $21,031,679,659,152. Casework · Tour Request · Academy ....
3280 Peachtree Road NE Suite 2640. Atlanta, GA 30305 p: (404) 865-0087 Home | About GDC | Contact Us · Privacy Policy | Partner Agency Links · Report
Offender Social Activity | GBI Human Trafficking Notice ... See the latest Georgia Doppler weather radar map including areas of rain, snow
and ice on AccuWeather.com. Discover a community of like-minded individuals working to improve the quality of
the air we breathe in Georgia. Help raise funds through a local Fight for Air ... ";https://upload.wikimedia.org/wikipedia/commons/thumb/4/40/Map_of_USA_highlighting_Georgia.png/270px-Map_of_USA_highlighting_Georgia.png;http://www.ipl.org/div/images/stateknow/usmap-ga.jpg,http://ontheworldmap.com/usa/state/georgia/georgia-location-on-the-us-map.jpg,https://upload.wikimedia.org/wikipedia/commons/thumb/d/d1/Georgia_in_United_States.svg/2000px-Georgia_in_United_States.svg.png,http://www.ers.ga.gov/images/ushouse2013.jpg,
