kfc;Все купоны действительны с 27.02. 2018 по 28.05.2018 включительно или ... ;"<img class=""alignnone size-full wp-image-60"" src=""https://i.ytimg.com/vi/4Q77UhKID_A/maxresdefault.jpg"" />PETA takes on KFC with the help of Pamela Anderson, Pink, Sir Paul McCartney,
and others! The official Internet headquarters of Kentucky Fried Chicken and its founder,
Colonel Sanders. Enjoy all your KFC favourites, delivered straight from our kitchens to your front
door. KFC Saudi is home to all the classic fried chicken favourites, sides and desserts,
super deals and new menu additions. Ready to order and be delivered in ... <img class=""alignnone size-full wp-image-60"" src=""https://kfc.co.za/~/media/kfc/ourmenuproducts/boxmeals/fully-loaded-box-meal-grilled/512x405.ashx"" />The latest Tweets from KFC (@kfc). Kentucky Fried Chicken. Founded by The
Colonel. Practitioners of The Hard Way. Purveyors of the World's Best Chicken. В KFC мы готовим самую вкусную курочку! ... Чизбургер за 69 рублей в KFC! -
Duration: 16 seconds. KFC Russia. 26,068 views; 4 months ago. 0:11. KFC. 51M likes. Официальное сообщество KFC Russia в Facebook. 2 days ago ... Yum! Brands appointed Wieden+Kennedy as media agency of
record for KFC, consolidating its domestic creative and media duties with one ... KFC — всемирно известная сеть ресторанов быстрого обслуживания,
специализирующихся на блюдах из курицы. Только здесь можно отведать ... <img class=""alignnone size-full wp-image-60"" src=""https://upload.wikimedia.org/wikipedia/ru/thumb/b/bf/KFC_logo.svg/1200px-KFC_logo.svg.png"" />В 1991 бренд сократил название до KFC.[2] С 1997 года сеть принадлежит крупной
ресторанной компании Yum! Brands, владеющей также такими ... 20 Feb 2018 ... KFC was warned it would face delivery problems months ago, it
has been claimed, as the company tries to grapple with a worsening chicken ... KFC — международная сеть ресторанов общественного питания,
специализирующаяся на блюдах из курицы. Первый ресторан был открыт в 1930 году ... 15 May 2018 ... The year was 2010. KFC's Double Down sandwich was unleashed
to the masses . The country did not know whether it was intended as a ... <img class=""alignnone size-full wp-image-60"" src=""https://kfc.co.za/~/media/kfc/ourmenuproducts/boxmeals/fully-loaded-box-meal-grilled/512x405.ashx"" />有關網上流傳一則優惠資訊，內容為有關送贈KFC現金 禮券予完成問卷之顧客。請
注意，有關推廣活動並不是由香港肯德基舉辦，而香 港肯德基現時並無提供有關優惠 ， ... 21 Feb 2018 ... The KFC fried chicken shortage has rumbled on for almost a week.
And it's a classic lesson in logistics management. All of our food is freshly prepared in our restaurants using only the highest quality
ingredients. Enjoy a delicious KFC meal today. There's something for everyone ... Our Streetwise value range is the smart choice when you need a snack on the go . COOKIES We have two kinds of cookie at KFC - the tasty chocolate chip kind and
little digital cookies we use to give you the best possible experience of the KFC ... "
