Lichtenstein;"Рой Фокс Ли́хтенштейн (англ. Roy Fox Lichtenstein [ˈlɪktənˌstaɪn]; 27 октября 1923,
Манхэттен, Нью-Йорк — 29 сентября 1997, там же) Roy Lichtenstein Foundation | 739 Washington Street | New York, NY 10014 |
info@lichtensteinfoundation.org · Copyright © 2017 Roy Lichtenstein Foundation. ";"<img class=""alignnone size-full wp-image-60"" src=""https://cdn.taschen.com/media/images/960/art_lichtenstein_ba_gb_3d_49259_1512161753_id_1022536.png"" />Find out who is Roy Lichtenstein and his whaam paintings with this art homework
guide, includes facts for kids. Biography. Born in New York, Roy Lichtenstein developed an interest in drawing,
science, and jazz music at a young age. Roy Lichtenstein was one of the founders and innovators of pop art, which brought
 Roy Lichtenstein's high-impact, iconic images are synonymous with Pop art, and
his technique of creating images has become central to the movement. A key figure in the Pop art movement and beyond, Roy Lichtenstein grounded his
profoundly inventive career in imitation— <img class=""alignnone size-full wp-image-60"" src=""http://cdn7.bigcommerce.com/s-2s4fqp/images/stencil/600x600/products/2958/4330/art_Kaufman_crying_girl_homage_to_roy_lichtenstein__57500.1471969114.jpg?c=2&imbypass=on"" />Gemeinde Lichtenstein. Bürgermeister Peter Nußbaum Rathausplatz 17 72805
Lichtenstein Tel.: (0 71 29) 696 - 0. Fax: (0 71 29) 63 89 The original comic book source images of Pop Artist Roy Lichtenstein. Artstor is actively collaborating with a wide range of living artists and estates of
modern artists. Roy Lichtenstein (1923-1997) Inspiriert von Wilhelm Hauffs Roman Lichtenstein ließ mein Urgroßvater, Wilhelm
Graf von Württemberg, späterer Herzog von Urach, Although trained as an abstract painter, Roy Lichtenstein became a pioneer of Pop
art famed for paintings based on generic romance books and war comics. <img class=""alignnone size-full wp-image-60"" src=""http://cdn7.bigcommerce.com/s-2s4fqp/images/stencil/600x600/products/2958/4330/art_Kaufman_crying_girl_homage_to_roy_lichtenstein__57500.1471969114.jpg?c=2&imbypass=on"" />Roy Lichtenstein was born in 1923 in New York. In 1939 he studied under Reginald
Marsh at the Art Students League of New York,  Roy Lichtenstein's critics said he was a plagiarist, not an artist. But
Alastair Sooke argues that he should be reassessed as a modern master. <img class=""alignnone size-full wp-image-60"" src=""https://cdn.taschen.com/media/images/960/art_lichtenstein_ba_gb_3d_49259_1512161753_id_1022536.png"" />Find the latest shows, biography, and artworks for sale by Roy Lichtenstein. When
American Pop artist Roy Lichtenstein painted Look Mickey in 1961, it set th …  Roy Lichtenstein is best known for his dotted, angst-filled comics
featuring beautiful ladies in distress. "
