1,Aaronsburg,Centre County,https://media.gettyimages.com/illustrations/pennsylvania-haines-aaronsburg-woodward-centre-county-illustration-id114521867,https://images.landwatch.com/p/SUP/2F/B5/78/CF/B7/FBXL_04.jpg,http://upload.wikimedia.org/wikipedia/commons/9/97/Aaronsburg_PA_log_house.jpg,https://upload.wikimedia.org/wikipedia/commons/thumb/a/a0/Map_of_Aaronsburg%2C_Centre_County%2C_Pennsylvania_Highlighted.png/250px-Map_of_Aaronsburg%2C_Centre_County%2C_Pennsylvania_Highlighted.png,https://images.landwatch.com/p/SUP/2F/B5/78/CF/B7/FBXL_02.jpg
2,Aastad,Otter Tail County,http://crt1.city-data.com/light_all/11/477/727.png,http://www.usboundary.com/Area/137742/Graph/Position/Aastad%2Btownship%2520in%2520Otter%2520Tail%2520County.png,http://www.usboundary.com/Area/137742/Graph/Aastad%2Btownship%2C%2BOtter%2BTail%2BCounty%2C%2BMinnesota_A280.png,http://www.usboundary.com/Area/137742/Graph/Aastad%2Btownship%2C%2BOtter%2BTail%2BCounty%2C%2BMinnesota.png,https://i.ebayimg.com/images/g/p6AAAOSwc49Y65mU/s-l300.jpg
3,Abanda,Chambers County,https://st2.depositphotos.com/3002757/10632/v/950/depositphotos_106329318-stock-illustration-chambers-county-in-alabama-usa.jpg,https://upload.wikimedia.org/wikipedia/commons/thumb/d/de/Chambers_County_Alabama_Incorporated_and_Unincorporated_areas_Abanda_Highlighted_0100100.svg/250px-Chambers_County_Alabama_Incorporated_and_Unincorporated_areas_Abanda_Highlighted_0100100.svg.png,http://alabamamaps.ua.edu/contemporarymaps/alabama/counties/JPEG%2520New%2520Maps/Chambers%2520County.jpg,http://alabamamaps.ua.edu/contemporarymaps/alabama/counties/chambers.jpg,https://image.shutterstock.com/z/stock-vector-large-and-detailed-map-of-chambers-county-in-alabama-621346982.jpg
4,Abbeville,Vermilion Parish,http://c8.alamy.com/comp/JGFBYF/louisiana-abbeville-vermilion-parish-saint-mary-magdalen-church-JGFBYF.jpg,http://a4.pbase.com/o6/97/767597/1/135917061.BGbaqoYb.AbbevilleVermilionParishcourthouse.JPG,https://upload.wikimedia.org/wikipedia/commons/b/b5/ST._MARY_CONGREGATIONAL_CHURCH%2C_ABBEVILLE%2C_VERMILION_PARISH.jpg,https://i.pinimg.com/originals/3a/92/2d/3a922df533359390a6b7d80c8417b7c6.jpg,http://c8.alamy.com/comp/JGFBYH/louisiana-abbeville-vermilion-parish-saint-mary-magdalen-church-JGFBYH.jpg
5,Abbeville,Abbeville County,https://www.sciway.net/maps/cnty/xabbeville.png.pagespeed.ic.NoFTuWBcHY.png,http://investabbevillecounty.com/wp-content/uploads/2016/08/DSC_0409-e1467744782829-reduced.jpg,https://upload.wikimedia.org/wikipedia/commons/thumb/5/55/AbbevilleSC_operahouse.jpg/250px-AbbevilleSC_operahouse.jpg,http://investabbevillecounty.com/wp-content/uploads/2016/07/27641449764_0873c68dff_o-compressed-e1469050092338.jpg,https://i.pinimg.com/originals/90/48/09/90480937de963c46afe6c8c34c365880.jpg
6,Abbeville,Wilcox County,https://upload.wikimedia.org/wikipedia/commons/d/d0/Wilcox_County_State_Bank%2C_Abbeville.JPG,https://upload.wikimedia.org/wikipedia/commons/6/6f/Wilcox_County_Jail%2C_Abbeville.JPG,https://cdn.ranchflip.com/photos/124006/wonderful-farm-in-the-country-abbeville-wilcox-county-georgia-124006-3JP95P-XL.jpg,https://upload.wikimedia.org/wikipedia/commons/thumb/b/bb/Wilcox_County_Courthouse_%2528South_face%2529.JPG/1200px-Wilcox_County_Courthouse_%2528South_face%2529.JPG,https://cdn.ranchflip.com/photos/121120/land-for-sale-in-wilcox-co--3-ponds-abbeville-wilcox-county-georgia-121120-2NdmA7-XL.jpg
7,Abbeville,Henry County,https://images.landwatch.com/p/MOS/35/16/3XL_06.jpg,https://i.pinimg.com/originals/b2/e2/0d/b2e20d3d059e83d233c7773e5a992cd3.jpg,https://cdn.lotflip.com/photos/136577/waterfront-lake-cottage-in-henry-abbeville-henry-county-alabama-136577-g6VxYx-XL.jpg,https://upload.wikimedia.org/wikipedia/commons/2/2c/Henry_County%2C_Alabama_Courthouse.JPG,https://images.landwatch.com/p/MOS/35/16/3XL_02.jpg
8,Abbeville,Lafayette County,http://images2.reover.com/MS/000000302/302199/cf86fbee614ccee96c5a8108f040a3c3.jpg,https://cdn.ranchflip.com/photos/125201/40-acres-in-lafayette-county-abbeville-lafayette-county-mississippi-125201-4nkJKw-XL.jpg,https://cdn.farmflip.com/photos/148576/beauiful-hobby-farm-on-county-road-abbeville-lafayette-county-mississippi-148576-Ct_q2B-XL.jpg,https://ap.rdcpix.com/381768507/bb6eec2fb67ff98813118b0afecf7a46l-m0xd-w640_h480_q80.jpg,https://cdn.farmflip.com/photos/148576/beauiful-hobby-farm-on-county-road-abbeville-lafayette-county-mississippi-148576-63w6Ff-XXL.jpg
9,Abbot,Piscataquis County,https://images.landwatch.com/p/SUP/55/E7/3E/88/A6/E1XL_09.jpg,https://upload.wikimedia.org/wikipedia/commons/thumb/1/1f/Piscataquis_County_Maine_incorporated_and_unincorporated_areas_Abbot_highlighted.svg/1200px-Piscataquis_County_Maine_incorporated_and_unincorporated_areas_Abbot_highlighted.svg.png,https://media.gettyimages.com/illustrations/maine-abbot-town-piscataquis-county-illustration-id114523793,http://www.old-maps.com/maine/Piscataquis_1858/webstuff/PiscataquisCo_Outlinewb2.jpg,https://images.landwatch.com/p/SUP/55/E7/3E/88/A6/E1XL_02.jpg
10,Abbotsford,Clark County / Marathon County,http://www.wiclarkcountyhistory.org/mayville/history/Abbotsford100/Sec1_1.jpg,https://upload.wikimedia.org/wikipedia/commons/thumb/c/c0/Clark_County_Wisconsin_Incorporated_and_Unincorporated_areas_Abbotsford_Highlighted.svg/1280px-Clark_County_Wisconsin_Incorporated_and_Unincorporated_areas_Abbotsford_Highlighted.svg.png,https://upload.wikimedia.org/wikipedia/commons/thumb/8/8b/Marathon_County_Courthouse%2C_Wisconsin.jpg/1200px-Marathon_County_Courthouse%2C_Wisconsin.jpg,http://pics4.city-data.com/tym/un3082.png,http://images.slideplayer.com/24/7541506/slides/slide_3.jpg
11,Abbott,Hill County,https://images.landwatch.com/p/SUP/31/67/5C/6B/C8/86XL_03.jpg,https://images.landwatch.com/p/SUP/31/67/5C/6B/C8/86XL_06.jpg,https://images.landwatch.com/p/SUP/6C/1B/7E/C8/F0/C5XL_04.jpg,https://images.landwatch.com/p/SUP/6C/1B/7E/C8/F0/C5XL_02.jpg,https://images.landwatch.com/p/SUP/31/67/5C/6B/C8/86XL_01.jpg
12,Abbott,Potter County,https://ancestortracks.com/Potter%2520County%2C%25201893/Homer%2520and%2520Keating%2520Tps.jpg,https://upload.wikimedia.org/wikipedia/commons/thumb/c/cd/Abbott_Township_Crossroads.jpg/1200px-Abbott_Township_Crossroads.jpg,http://usgwarchives.net/maps/pa/county/potter/usgs/pottermp.jpg,https://upload.wikimedia.org/wikipedia/commons/thumb/3/3c/Map_of_Potter_County_Pennsylvania_School_Districts.png/250px-Map_of_Potter_County_Pennsylvania_School_Districts.png,https://upload.wikimedia.org/wikipedia/commons/thumb/d/da/Map_of_Potter_County%2C_Pennsylvania_Highlighting_Abbott_Township.PNG/170px-Map_of_Potter_County%2C_Pennsylvania_Highlighting_Abbott_Township.PNG
13,Abbottstown,Adams County,https://d2mxdjcwk6o9kh.cloudfront.net/getimage?imageURL=https%253A%252F%252Fs3.amazonaws.com%252Fgabriels.images.pre-download%252Fnyt%252Fprocessed%252F1992-708-1-1000280210_1.jpg&width=720&compressionRate=95&bypassGlobalProxy=true,http://www.livingplaces.com/_swf/PA/Adams_County/Abbottstown_Borough-540x405.jpg,http://www.mygenealogyhound.com/maps/Pennsylvania-County-Maps/PA-Adams-County-Pennsylvania-1911-map-Rand-McNally-Gettysburg.jpg,http://www.usgwarchives.net/pa/adams/1picts/cemeteries/stjohns-abbottstown/stjohns-1.jpg,https://upload.wikimedia.org/wikipedia/commons/thumb/9/9f/Adams_County_Pennsylvania_incorporated_and_unincorporated_areas_Abbottstown_highlighted.svg/260px-Adams_County_Pennsylvania_incorporated_and_unincorporated_areas_Abbottstown_highlighted.svg.png
14,Abbyville,Reno County,http://www.historicmapworks.com/Images/Maps/US/data2/KS/Reno%2520County%25201902/web-Abbyville%2Cfinal/TileGroup0/0-0-0.jpg,https://media.gettyimages.com/illustrations/kansas-sylvia-lerado-abbyville-reno-county-illustration-id120314611,https://upload.wikimedia.org/wikipedia/commons/thumb/d/db/Reno_County_Kansas_Incorporated_and_Unincorporated_areas_Abbyville_Highlighted.svg/1200px-Reno_County_Kansas_Incorporated_and_Unincorporated_areas_Abbyville_Highlighted.svg.png,https://upload.wikimedia.org/wikipedia/commons/thumb/1/18/Map_of_Reno_Co%2C_Ks%2C_USA.png/250px-Map_of_Reno_Co%2C_Ks%2C_USA.png,http://specialcollections.wichita.edu/kw/images/kw_abbyville_reno_ks1.jpg
15,Abercrombie,Richland County,https://upload.wikimedia.org/wikipedia/commons/thumb/e/e4/ND_Richland_County_Abercrombie.svg/250px-ND_Richland_County_Abercrombie.svg.png,http://www.usboundary.com/Area/146261/Graph/Abercrombie%2Btownship%2C%2BRichland%2BCounty%2C%2BNorth%2BDakota.png,https://upload.wikimedia.org/wikipedia/commons/thumb/e/e4/ND_Richland_County_Abercrombie.svg/1200px-ND_Richland_County_Abercrombie.svg.png,https://media.gettyimages.com/illustrations/north-dakota-abercrombie-township-richland-county-illustration-id120572907,https://media.gettyimages.com/illustrations/north-dakota-abercrombie-township-richland-county-illustration-id120572906
16,Aberdeen,Brown County,http://brown.sd.us/sites/default/files/styles/slider_image/public/Courthouse3.JPG?itok=TNU9CvBM,https://i.pinimg.com/originals/78/66/21/786621c282838fe8381fde044c674baa.jpg,http://brown.sd.us/sites/default/files/styles/slider_image/public/Courthouse2.JPG?itok=URq1dA_x,https://i.ytimg.com/vi/fTbl57TB0fI/maxresdefault.jpg,https://bloximages.newyork1.vip.townnews.com/aberdeennews.com/content/tncms/assets/v3/editorial/9/35/935388da-ecbc-5f81-b2b5-f47d8ebef5b2/53f19508533fa.image.jpg
17,Aberdeen,Monmouth County,https://cdn.patchcdn.com/users/93167/2013/05/T800x600/f5dba82f17b3ba946d4d79d43be9304f.jpg,https://upload.wikimedia.org/wikipedia/commons/b/b0/Aberdeen_twp_nj_025.png,http://njdwi.com/wp-content/uploads/2016/08/Aberdeen-NJ-Municipal-court-DWI.jpg,https://images3.privateschoolreview.com/photo/780x600/47000/46883/Aberdeen-KinderCare-7hnlhK.jpg,http://www.westjerseyhistory.org/maps/countymaps/MonmouthCounty_1889.jpg
18,Aberdeen,Grays Harbor County,http://kbkw.com/wp-content/uploads/2014/06/Grays-Harbor-County-Sheriffs-Department.jpg,https://upload.wikimedia.org/wikipedia/commons/thumb/1/15/Grays_Harbor_County_Courthouse_01.jpg/1200px-Grays_Harbor_County_Courthouse_01.jpg,https://kxro.files.wordpress.com/2013/12/100_0536.jpg,http://www.historylink.org/Content/Media/Photos/Large/aberdeen_drawbridge.jpg,http://www.graysharborgenealogy.com/img/ghhistory1.jpg
19,Aberdeen,Harford County,http://www.harfordems.org/content/links/image/AberdeenBanner.jpg,https://igx.4sqi.net/img/general/200x200/4415029_n4NFASiXRKYdVZbp8YJP99lZL0gg64Q7OXc3Y1kQfLs.jpg,https://upload.wikimedia.org/wikipedia/commons/thumb/e/e9/2016-06-11_11_03_54_View_west_along_Maryland_State_Route_132_%2528Bel_Air_Avenue%2529_at_Howard_Street_in_Aberdeen%2C_Harford_County%2C_Maryland.jpg/1200px-2016-06-11_11_03_54_View_west_along_Maryland_State_Route_132_%2528Bel_Air_Avenue%2529_at_Howard_Street_in_Aberdeen%2C_Harford_County%2C_Maryland.jpg,https://cdn20.patchcdn.com/users/57041/20180304/040153/styles/T800x600/public/processed_images/aberdeen_power_outage_route_40-1520153523-8107.jpg,https://s-media-cache-ak0.pinimg.com/736x/b3/fd/54/b3fd54012db960c7dc138303fcda4cd6--aberdeen-maryland-armored-vehicles.jpg
20,Aberdeen,Moore County,https://newspaperarchive.com/aberdeen-moore-county-citizen-news-record-feb-20-1994-p-9-281513174-thumbnail.jpg,https://newspaperarchive.com/aberdeen-moore-county-citizen-news-record-nov-16-1993-p-1-281513490-thumbnail.jpg,https://newspaperarchive.com/aberdeen-moore-county-citizen-news-record-sep-12-1993-p-13-281512032-thumbnail.jpg,https://newspaperarchive.com/aberdeen-moore-county-citizen-news-record-may-22-1994-p-10-281510187-thumbnail.jpg,https://newspaperarchive.com/aberdeen-moore-county-citizen-news-record-jun-22-1994-p-6-281510526-thumbnail.jpg
21,Aberdeen,Monroe County,https://upload.wikimedia.org/wikipedia/commons/d/d9/ADAMS-FRENCH_HOUSE%2C_ABERDEEN%2C_MONROE_COUNTY.jpg,https://upload.wikimedia.org/wikipedia/commons/1/1e/MONROE_COUNTY_COURTHOUSE%2C_ABERDEEN%2C_MONROE_COUNTY._MS.jpg,https://c1.staticflickr.com/3/2729/4458905174_72048961d3_b.jpg,https://upload.wikimedia.org/wikipedia/commons/c/c8/Aberdeen_City_Hall.jpg,http://courthousehistory.com/images/gallery/Mississippi/Monroe/Aberdeen%2520-%2520Old%2520%2520A_large.jpg
22,Aberdeen,Bingham County,https://imnh.iri.isu.edu/digitalatlas/counties/bingham/geoLarge.gif,https://upload.wikimedia.org/wikipedia/commons/thumb/e/ed/Bingham_County_Idaho_Incorporated_and_Unincorporated_areas_Aberdeen_Highlighted_1600100.svg/1280px-Bingham_County_Idaho_Incorporated_and_Unincorporated_areas_Aberdeen_Highlighted_1600100.svg.png,https://upload.wikimedia.org/wikipedia/commons/thumb/e/ed/Bingham_County_Idaho_Incorporated_and_Unincorporated_areas_Aberdeen_Highlighted_1600100.svg/800px-Bingham_County_Idaho_Incorporated_and_Unincorporated_areas_Aberdeen_Highlighted_1600100.svg.png,https://upload.wikimedia.org/wikipedia/commons/thumb/e/ed/Bingham_County_Idaho_Incorporated_and_Unincorporated_areas_Aberdeen_Highlighted_1600100.svg/250px-Bingham_County_Idaho_Incorporated_and_Unincorporated_areas_Aberdeen_Highlighted_1600100.svg.png,https://upload.wikimedia.org/wikipedia/commons/thumb/d/d5/Bingham_County_Idaho_Incorporated_and_Unincorporated_areas_Aberdeen_Highlighted.svg/1200px-Bingham_County_Idaho_Incorporated_and_Unincorporated_areas_Aberdeen_Highlighted.svg.png
23,Aberdeen,Porter County,https://lookaside.fbsbx.com/lookaside/crawler/media/?media_id=115010118830607,https://upload.wikimedia.org/wikipedia/commons/thumb/9/92/Porter_County_Indiana_Incorporated_and_Unincorporated_areas_Aberdeen_Highlighted_1800140.svg/1200px-Porter_County_Indiana_Incorporated_and_Unincorporated_areas_Aberdeen_Highlighted_1800140.svg.png,https://static1.squarespace.com/static/512f74e8e4b012cdc28b64ef/t/58178f07725e25ba063675a7/1477939007417/military-groom-bride-valparaiso-courthouse.jpg,https://www.archives.gov/exhibits/panoramic_photography/images/shipbuilders_grays_harbor.jpg,https://i.pinimg.com/originals/cd/da/98/cdda98e9045f4d53dba67f250e2a76ef.jpg
24,Aberdeen,Brown County,http://brown.sd.us/sites/default/files/styles/slider_image/public/Courthouse3.JPG?itok=TNU9CvBM,https://i.pinimg.com/originals/78/66/21/786621c282838fe8381fde044c674baa.jpg,http://brown.sd.us/sites/default/files/styles/slider_image/public/Courthouse2.JPG?itok=URq1dA_x,https://i.ytimg.com/vi/fTbl57TB0fI/maxresdefault.jpg,https://bloximages.newyork1.vip.townnews.com/aberdeennews.com/content/tncms/assets/v3/editorial/9/35/935388da-ecbc-5f81-b2b5-f47d8ebef5b2/53f19508533fa.image.jpg
25,Aberdeen Gardens,Grays Harbor County,https://upload.wikimedia.org/wikipedia/commons/thumb/e/e0/Grays_Harbor_County_Washington_Incorporated_and_Unincorporated_areas_Aberdeen_Gardens_Highlighted.svg/1200px-Grays_Harbor_County_Washington_Incorporated_and_Unincorporated_areas_Aberdeen_Gardens_Highlighted.svg.png,https://ssl.cdn-redfin.com/photo/1/mbpaddedwide/922/genMid.1159922_2.jpg,https://ssl.cdn-redfin.com/photo/1/mbpaddedwide/266/genMid.437266_1.jpg,http://www.graysharbortalk.com/wp-content/uploads/2018/02/Grays-Harbor-Historic-Homes-Aberdeen-Donovan-Historic-Home.jpg,http://www.graysharbortalk.com/wp-content/uploads/2018/02/Grays-Harbor-Historic-Homes-Aberdeen-Mansion-Hulbert-Historic-Homes.jpg
26,Aberdeen Proving Ground,Harford County,http://photos.historical-markers.org/var/albums/Maryland/Harford%2520County/MD-037%2520Aberdeen%2520Proving%2520Ground.jpg?m=1439110920,https://upload.wikimedia.org/wikipedia/commons/thumb/b/b7/Aberdeen_Proving_Ground_Plaque.JPG/1200px-Aberdeen_Proving_Ground_Plaque.JPG,http://www.harfordcountymd.gov/ImageRepository/Document?documentID=4440,http://www.trbimg.com/img-581cdb73/turbine/ph-ag-retro-apg-01-jpg-20161104,http://apgnews.com/wp-content/uploads/2017/01/Masonic-Lodge.jpg
27,Abernathy,Hale County / Lubbock County,https://ap.rdcpix.com/679113455/f3a1f4112073b617c539e4e9a70b73f5l-m0xd-w1020_h770_q80.jpg,http://www.texasescapes.com/MapGLO/HaleFloydCountyTexas1920.jpg,https://tshaonline.org/sites/default/files/images/handbook/LL/lubbock-county-map-2016.jpg,http://i.e-net.com/mls/import/LubbockTX/property/full/24/201708824_1001.jpg,http://www.texasescapes.com/MapGLO/LubbockCountyTexas1940.jpg
28,Abeytas,Socorro County,https://khms0.googleapis.com/kh?v=800&hl=en-US&x=6662&y=13037&z=15,https://khms0.googleapis.com/kh?v=800&hl=en-US&x=6662&y=13038&z=15,https://i0.wp.com/nmttp.com/wp-content/uploads/2018/04/San-Antonio-Abeytas-4.jpg?w=1080&ssl=1,https://khms1.googleapis.com/kh?v=800&hl=en-US&x=6661&y=13037&z=15,https://khms1.googleapis.com/kh?v=800&hl=en-US&x=6661&y=13038&z=15
29,Abie,Butler County,http://upload.wikimedia.org/wikipedia/commons/thumb/3/3d/Butler_County_Nebraska_Incorporated_and_Unincorporated_areas_Abie_Highlighted.svg/500px-Butler_County_Nebraska_Incorporated_and_Unincorporated_areas_Abie_Highlighted.svg.png,http://www.casde.unl.edu/history/counties/butler/abie/abie1.jpg,http://www.casde.unl.edu/history/counties/butler/abie/abie2.original.jpg,http://www.usgennet.org/usa/ne/topic/ethnic/czechs/images/cz-174-abie.gif,https://www.zipmap.net/imageserver.pl?Z=P&K=1&N=3100205
30,Abilene,Jones County / Taylor County,https://www.rapsheets.org/mugshots/texas/abilene-jail/Jones-102298.jpg,http://static-21.sinclairstoryline.com/resources/media/812f7acf-5a70-41e3-94e6-2958d21a5364-large16x9_ImportedfromLakana.jpg?1514628916209,https://www.gannett-cdn.com/-mm-/9647b9dde9b1a555cd43668cfadd9707ec7abdb8/c=27-0-837-1080&r=537&c=0-0-534-712/local/-/media/2017/11/27/TXGroup/Abilene/636474021588101040-Floyd-Jones.jpg,https://d2l0v4hxjnvcrz.cloudfront.net/wp-content/uploads/2018/01/09/CWqMiLBkZEwy9Co9IdwK.jpg,https://www.rapsheets.org/mugshots/texas/abilene-jail/Jones-106004.jpg
31,Abilene,Dickinson County,https://upload.wikimedia.org/wikipedia/commons/thumb/c/c7/Map_of_Dickinson_Co%2C_Ks%2C_USA.png/250px-Map_of_Dickinson_Co%2C_Ks%2C_USA.png,http://www.kansastravel.org/dickinsoncountymuseum9.JPG,http://www.nckrdc.org/wp-content/uploads/2013/07/dikinsoncountyksabilene.jpg,https://upload.wikimedia.org/wikipedia/en/thumb/e/e0/DickinsonCoCHAbileneKS.JPG/1200px-DickinsonCoCHAbileneKS.JPG,https://upload.wikimedia.org/wikipedia/commons/f/f8/Dickinson_County_Kansas_Incorporated_and_Unincorporated_areas_Abilene_Highlighted.svg
32,Abingdon,Washington County,https://upload.wikimedia.org/wikipedia/commons/d/de/MONT_CALM%2C_ABINGDON%2C_WASHINGTON_COUNTY.jpg,https://i.pinimg.com/originals/e8/a4/15/e8a415c5e34ca1dc00ef660f8ce59ed4.jpg,http://capitolshots.com/wp-content/uploads/2015/02/Washington-County-Courthouse-VA.jpg,https://upload.wikimedia.org/wikipedia/commons/c/cb/BAKER-ST._JOHN_HOUSE%2C_ABINGDON%2C_WASHINGTON_COUNTY%2C_VA.jpg,https://c8.alamy.com/comp/E299C7/washington-county-courthouse-east-main-street-abingdon-virginia-E299C7.jpg
33,Abingdon,Knox County,https://images.landwatch.com/p/LOA/52/45/60/8XL_09.jpg,http://www.usgennet.org/usa/il/county/knox/images/IMG_3464.JPG,https://c1.staticflickr.com/7/6226/6252134024_183982f153_b.jpg,https://media.gettyimages.com/illustrations/illinois-uniontown-abingdon-milroy-knox-county-illustration-id120315739,https://media.gettyimages.com/illustrations/illinois-abingdon-rio-uniontown-the-pines-knox-county-illustration-id120573536
34,Abington,Montgomery County,http://www.nightwatchparanormal.com/uploads/8/3/8/9/8389468/6901332.jpg,https://upload.wikimedia.org/wikipedia/commons/thumb/9/9c/Abington_Township_Montgomery_County.png/250px-Abington_Township_Montgomery_County.png,https://upload.wikimedia.org/wikipedia/commons/thumb/0/0d/Fox_Chase_Farm_Manor_House_01.JPG/250px-Fox_Chase_Farm_Manor_House_01.JPG,https://image.shutterstock.com/z/stock-photo-abington-montgomery-county-pa-may-abington-presbyterian-church-main-door-may-279536417.jpg,https://libwww.freelibrary.org/assets/digital/items/pdcm00540c/images/large.jpg
35,Abington,Plymouth County,https://www.accessgenealogy.com/wp-content/uploads/reedbootshoefactory.jpg,https://upload.wikimedia.org/wikipedia/commons/c/c4/Map_of_the_town_of_Abington_Plymouth_County%2C_Mass._%25283855697677%2529.jpg,https://fedora.digitalcommonwealth.org/fedora/objects/commonwealth%3Ax633fd79z/datastreams/access800/content,http://www.old-maps.com/z_bigcomm_img/ma/town/PlymouthCo/1857/Abington_1857_web.jpg,https://media.gettyimages.com/illustrations/massachusetts-abington-village-north-north-abington-abington-village-illustration-id114523395
36,Abington,Wayne County,https://i.pinimg.com/originals/f8/b1/8b/f8b18b045043817724863ef22552ca4e.jpg,https://media.gettyimages.com/illustrations/indiana-centre-abington-wayne-county-illustration-id120317354,https://media.gettyimages.com/illustrations/indiana-boston-abington-wayne-wayne-county-illustration-id120317352,https://media.gettyimages.com/illustrations/indiana-center-abington-economy-wayne-county-illustration-id120019550,http://www.historicmapworks.com/Images/Maps/US/IN/Wayne%2520County%25201874/web-Centre%2C_Abington%2Cfinal/TileGroup0/0-0-0.jpg
37,Abington,Mercer County,http://www.usboundary.com/Area/126286/Graph/Abington%2Btownship%2C%2BMercer%2BCounty%2C%2BIllinois_A280.png,https://upload.wikimedia.org/wikipedia/commons/thumb/2/2e/Map_highlighting_Abington_Township%2C_Mercer_County%2C_Illinois.svg/250px-Map_highlighting_Abington_Township%2C_Mercer_County%2C_Illinois.svg.png,http://www.usboundary.com/Area/126286/Graph/Position/Abington%2Btownship%2520in%2520Mercer%2520County.png,http://upload.wikimedia.org/wikipedia/commons/thumb/2/2e/Map_highlighting_Abington_Township%2C_Mercer_County%2C_Illinois.svg/500px-Map_highlighting_Abington_Township%2C_Mercer_County%2C_Illinois.svg.png,http://www.usboundary.com/Area/126286/Graph/Abington%2Btownship%2C%2BMercer%2BCounty%2C%2BIllinois.png
38,Abiquiu,Rio Arriba County,http://www.pikpuk.com/riverfacts/maps/11968.gif,https://c8.alamy.com/comp/DH1AGW/aerial-view-abiquiu-new-mexico-nm-chama-river-cliffs-bluffs-mountains-DH1AGW.jpg,http://rioarribaextension.nmsu.edu/documents/abiquiu-1.jpg,https://media.gettyimages.com/photos/scenic-view-of-ghost-ranch-abiquiu-rio-arriba-county-new-mexico-usa-picture-id632179331,http://c8.alamy.com/comp/KER6FY/the-shining-red-cliffs-of-abiquiu-near-ghost-ranch-in-rio-arriba-county-KER6FY.jpg
39,Abita Springs,St. Tammany Parish,https://c8.alamy.com/comp/B1W9ED/abita-mystery-house-at-ucm-museum-abita-springs-saint-tammany-parish-B1W9ED.jpg,https://i.pinimg.com/originals/d6/71/79/d67179dd9dba322201bdbbffe0ae2e74.jpg,https://c8.alamy.com/comp/B1X1A4/abita-mystery-house-at-ucm-museum-abita-springs-saint-tammany-parish-B1X1A4.jpg,https://bt-wpstatic.freetls.fastly.net/wp-content/blogs.dir/968/files/2014/02/Abita-Springs_BT.jpg,http://l7.alamy.com/zooms/584969d3605141ada5f77277dd063016/louisiana-st-tammany-parish-abita-springs-tourist-park-pavilion-an22a4.jpg
40,Aboite,Allen County,https://upload.wikimedia.org/wikipedia/commons/thumb/4/4a/US-IN-Allen_County_School_Districts.png/1200px-US-IN-Allen_County_School_Districts.png,https://upload.wikimedia.org/wikipedia/commons/1/13/Map_highlighting_Aboite_Township%2C_Allen_County%2C_Indiana.svg,http://www.aboite-cliffs.com/images/vicinity-map.jpg,https://upload.wikimedia.org/wikipedia/commons/7/79/Aboite_Township%2C_Allen_County%2C_Indiana.PNG,http://www.mygenealogyhound.com/maps/indiana-maps/IN-Allen-County-Indiana-1908-map.jpg
41,Abram,Hidalgo County,https://d2l0v4hxjnvcrz.cloudfront.net/wp-content/uploads/2018/03/25/Rii6YduMj8NUZWNlHTrV.jpg,https://d2l0v4hxjnvcrz.cloudfront.net/wp-content/uploads/2018/02/02/3RinBNFplH95apeE8x7G.jpg,https://d2l0v4hxjnvcrz.cloudfront.net/wp-content/uploads/2018/04/21/v9SNnWIZ2oXKE8h0yDPf.jpg,http://www.cemeteries-of-tx.com/Etx/Hidalgo/Photos/San%2520Jose/gate1.jpeg,https://upload.wikimedia.org/wikipedia/commons/thumb/e/e2/Hidalgo_County_AbramPerezville.svg/1200px-Hidalgo_County_AbramPerezville.svg.png
42,Abrams,Oconto County,https://images.landwatch.com/p/SUP/B8/05/DC/D0/5F/99XL_01.jpg,https://images.landwatch.com/p/MWTP/28/10/3XL_04.jpg,https://images.landwatch.com/p/LOA/48/69/74/4XL_02.jpg,https://images.landwatch.com/p/MWTP/28/10/3XL_10.jpg,https://images.landwatch.com/p/MWTP/28/10/3XL_05.jpg
43,Absarokee,Stillwater County,https://images.landwatch.com/p/SUP/6E/E7/6C/62/85/29XL_04.jpg,https://images.landwatch.com/p/SUP/6E/E7/6C/62/85/29XL_03.jpg,https://images.landwatch.com/p/SUP/6E/E7/6C/62/85/29XL_06.jpg,https://images.landwatch.com/p/SUP/6E/E7/6C/62/85/29XL_05.jpg,http://stillwatercountychamber.com/sites/default/files/styles/huge/public/front_page_slideshow_images/sccc_homepage_0.jpg?itok=Xn4RhvfY
44,Absecon,Atlantic County,https://itsdcdn.com/us/charts/chart/740/270/131640120000000000/5ef55d7b-65c9-4c38-bbb8-2bbee416a33b/absecon-atlantic-county-new-jersey-united-states.jpg,http://ihg.scene7.com/is/image/ihg/holiday-inn-express-and-suites-absecon-2531598944-4x3,https://exp.cdn-hotels.com/hotels/1000000/20000/10300/10289/2a1eab7d_b.jpg,https://itsdcdn.com/us/charts/chart/740/270/131710806000000000/4995E069-F9B5-43A9-ACF6-FE68D658F687/absecon-atlantic-county-new-jersey-united-states.jpg,https://itsdcdn.com/us/charts/chart/740/E6C587BD-2964-4C28-9DF1-E4A663F9CC3B/absecon-atlantic-county-new-jersey-united-states.png
45,Acacia Villas,Palm Beach County,https://maps.googleapis.com/maps/api/streetview?channel=ldp-publicrecord&location=1%2BAcacia%2BVillas%2C%2BBoynton%2BBeach%2C%2BFL%2B33436&size=665x441&client=gme-redfin&signature=OvRXP5Zb_QUqzOUhg8jayGkVUzQ=,https://upload.wikimedia.org/wikipedia/commons/thumb/0/04/Palm_Beach_County_Florida_Incorporated_and_Unincorporated_areas_Acacia_Villas_Highlighted_1200075.svg/250px-Palm_Beach_County_Florida_Incorporated_and_Unincorporated_areas_Acacia_Villas_Highlighted_1200075.svg.png,https://mediavault.point2.com/p2h/listing/52e6/5225/621d/c84ce02aff3daecf2f38/nwm_medium.jpg,https://images.estately.net/35_RX-10398147_0_1516395401_636x435.jpg,https://ssl.cdn-redfin.com/photo/106/mbpaddedwide/440/genMid.RX-2023440_0.jpg
46,Acalanes Ridge,Contra Costa County,https://www.jmlt.org/images/property_AcalanesRidge.jpg,https://upload.wikimedia.org/wikipedia/commons/c/c0/Mount_Diablo_from_Quarry_Hill_in_Shell_Ridge_Open_Space.jpg,http://img.groundspeak.com/waymarking/display/1bdb6fdc-b35c-422a-838e-3cc07546a308.jpg,https://upload.wikimedia.org/wikipedia/commons/thumb/e/e3/Contra_Costa_County_California_Incorporated_and_Unincorporated_areas_Acalanes_Ridge_Highlighted_0600135.svg/2000px-Contra_Costa_County_California_Incorporated_and_Unincorporated_areas_Acalanes_Ridge_Highlighted_0600135.svg.png,https://www.eastbaytimes.com/wp-content/uploads/2016/07/20160103__arrows-01021.jpg?w=620
47,Acampo,San Joaquin County,https://images.landwatch.com/p/LOA/38/59/22/6XL_02.jpg,https://www.mapsofworld.com/usa/county-maps/california/maps/san-joaquin-county-map.jpg,http://www.wrightrealtors.com/san_joaquin_files/images/communities/SanJoaquin.gif,http://sd05.senate.ca.gov/sites/sd05.senate.ca.gov/files/a2011_SD05.jpg,https://tribfox40.files.wordpress.com/2017/02/acampo-flooding.jpg?quality=85&strip=all&strip=all
48,Accident,Garrett County,http://www.mappery.com/maps/Garrett-County-Maryland-Guide-Map.thumb.jpg,https://www.garrettcountyschools.org/resources/accident/coverart/ac-coverart.jpg,https://mdtravelstories.files.wordpress.com/2015/06/md-garrett-county-accident.jpg,https://i.pinimg.com/736x/d3/32/2f/d3322f64649b4ac9fe77537d9ac550e0--maryland-maps.jpg,https://www.garrettcountyschools.org/resources/northern-middle/coverart/Web-Header_sample_2.jpg
49,Accokeek,Prince George's County,https://upload.wikimedia.org/wikipedia/commons/9/9e/2016-09-07_11_21_51_View_north_along_Maryland_State_Route_210_%2528Indian_Head_Highway%2529_at_Livingston_Road_in_Accokeek%2C_Prince_Georges_County%2C_Maryland.jpg,https://upload.wikimedia.org/wikipedia/commons/thumb/2/2e/Prince_George%2527s_County_Maryland_Incorporated_and_Unincorporated_areas_Accokeek_Highlighted.svg/1200px-Prince_George%2527s_County_Maryland_Incorporated_and_Unincorporated_areas_Accokeek_Highlighted.svg.png,https://upload.wikimedia.org/wikipedia/en/thumb/a/a0/Location_of_Prince_George%2527s_County%2C_Maryland.png/250px-Location_of_Prince_George%2527s_County%2C_Maryland.png,https://i.ytimg.com/vi/26f8XT-4eiY/maxresdefault.jpg,https://media.fox5dc.com/media.fox5dc.com/photo/2018/02/27/ACCOKEEK-ACADEMY_1519752316441_5011161_ver1.0_640_360.jpg
50,Accomac,Accomack County,http://www.historicmapworks.com/Images/Maps/HB/VA/VA0011/159644/TileGroup0/0-0-0.jpg,https://upload.wikimedia.org/wikipedia/commons/5/5d/Accomack_County_Courthouse_%2528Built_1899%2529%2C_Accomac_%2528_Accomack_County%2C_Virginia%2529.jpg,http://www.historicmapworks.com/Images/Maps/HB/VA/VA0005/159627/TileGroup0/0-0-0.jpg,http://www.dhr.virginia.gov/registers/Counties/Accomack/160-0020_%2520Accomac_Historic_District_VLR_4th_edition.JPG,https://i.pinimg.com/236x/44/6d/f5/446df52b93726e054c17e568cc5443e2--southern-plantations-vernacular-architecture.jpg
51,Accord,Ulster County,http://www.ulstercountyhouses.com/Property/256-Lower-Whitfield-Road-Accord-20173467/Images/Index/895960/0/m,http://www.taftstreetrealty.com/images/photo3_small_400.jpg,http://upstater.com/wp-content/uploads/2018/01/4938-4940-US-Highway-209-accord-ny.jpg,http://www.ulstercountyhouses.com/Property/729-County-Route-2-Accord-New-York/Images/Index/844692/0/m,http://www.ulstercountyhouses.com/Property/9-Ricci-Road-Accord-New-York/Images/Index/903480/0/m
